regime,n_days,total_return,cagr,vol_annual,sharpe,sortino,max_drawdown,calmar,exposure,n_trades,win_rate,avg_holding_days
bull,1236,0.039044740088055585,0.007839669666178661,0.011335621299187682,0.6945689246834695,0.24970287818017978,-0.01415108321624281,0.5539978492374478,1.0,1,1.0,1236.0
bear,56,0.0,0.0,0.0,,,0.0,,1.0,1,0.0,56.0
sideways,376,0.025467955433982947,0.016998065151289987,0.017274006544005276,0.984383141468951,0.4637380699924463,-0.012297179880016773,1.3822734413206617,1.0,1,1.0,376.0
